"","age","sex","job","housing","saving.accounts","checking.account","credit.amount","duration","purpose","risk","pred"
"1",22,"female",2,"own","little","moderate",5951,48,"radio/TV","bad",0.341992424199211
"3",45,"male",2,"free","little","little",7882,42,"furniture","good",0.332005965603013
"4",53,"male",2,"free","little","little",4870,24,"car","bad",0.502067910067449
"7",35,"male",3,"rent","little","moderate",6948,36,"car","good",0.455651030331765
"9",28,"male",3,"own","little","moderate",5234,30,"car","bad",0.452762618795871
"10",25,"female",2,"rent","little","moderate",1295,12,"car","bad",0.358347006506612
"11",24,"female",2,"rent","little","little",4308,48,"others","bad",0.148912736972134
"12",22,"female",2,"own","little","moderate",1567,12,"radio/TV","good",0.725829461673704
"13",60,"male",1,"own","little","little",1199,24,"car","bad",0.647774117176713
"14",28,"female",2,"rent","little","little",1403,15,"car","good",0.329499609415823
"15",32,"female",1,"own","moderate","little",1282,24,"radio/TV","bad",0.302317464652202
"18",44,"female",3,"free","little","moderate",12579,24,"car","bad",0.242056815992827
"21",44,"male",2,"rent","rich","little",2647,6,"radio/TV","good",0.732461422049285
"22",48,"male",1,"rent","little","little",2241,10,"car","good",0.660821415647188
"23",44,"male",2,"own","moderate","moderate",1804,12,"car","good",0.732476277694685
"25",36,"male",1,"own","little","little",1374,6,"furniture","good",0.778370175228534
"27",42,"female",2,"rent","rich","rich",409,12,"radio/TV","good",0.753205882209389
"28",34,"male",2,"own","little","moderate",2415,7,"radio/TV","good",0.795599568529768
"29",63,"male",2,"own","little","little",6836,60,"others","bad",0.233316075470733
"30",36,"male",2,"own","rich","moderate",1913,18,"others","good",0.725177259387945
"31",27,"male",2,"own","little","little",4020,24,"furniture","good",0.596791930356798
"32",30,"male",2,"own","moderate","moderate",5866,18,"car","good",0.732337598588285
"34",33,"female",3,"own","little","rich",1474,12,"furniture","good",0.78201262925926
"35",25,"male",1,"own","little","moderate",4746,45,"radio/TV","bad",0.35163647829773
"37",37,"male",2,"own","little","rich",2100,18,"radio/TV","bad",0.765531296481404
"38",37,"male",2,"own","little","rich",1225,10,"others","good",0.770253564872041
"39",24,"male",2,"own","little","moderate",458,9,"radio/TV","good",0.7504665795999
"41",26,"male",2,"own","rich","moderate",1158,12,"radio/TV","good",0.732325099658887
"42",44,"male",1,"own","little","moderate",6204,18,"others","good",0.711095912726908
"43",24,"male",2,"rent","moderate","little",6187,30,"car","good",0.540533242361459
"44",58,"female",1,"free","little","little",6143,48,"car","bad",0.242133225572045
"47",23,"female",0,"rent","rich","little",1352,6,"car","good",0.689593618737476
"51",30,"male",3,"own","little","moderate",5965,27,"car","good",0.483019628404884
"54",57,"male",2,"free","little","moderate",2225,36,"car","bad",0.42384937019934
"58",23,"female",3,"own","little","rich",1961,18,"car","good",0.713224187377058
"59",23,"female",1,"rent","little","little",6229,36,"furniture","bad",0.243379030203791
"60",27,"male",2,"own","little","moderate",1391,9,"others","good",0.733012399499613
"62",61,"male",3,"free","little","moderate",1953,36,"others","bad",0.364240069409858
"63",25,"male",2,"own","little","moderate",14421,48,"others","bad",0.237433033459537
"67",22,"male",2,"own","rich","moderate",1007,12,"car","good",0.743746405846172
"72",51,"male",3,"free","little","little",1164,8,"others","good",0.590541221689996
"73",41,"female",1,"own","little","moderate",5954,42,"others","good",0.46736547154566
"75",66,"male",3,"free","little","little",1526,12,"car","good",0.731125099690512
"76",34,"male",2,"own","little","little",3965,42,"radio/TV","bad",0.256358161369958
"77",51,"male",2,"own","little","moderate",4771,11,"radio/TV","good",0.763604414231265
"79",22,"male",2,"own","little","moderate",3832,30,"furniture","good",0.546140438604132
"83",58,"female",1,"own","little","little",1755,24,"others","good",0.550399597797825
"84",52,"male",1,"own","little","little",2315,10,"radio/TV","good",0.739225778056274
"86",27,"female",2,"own","little","moderate",1295,18,"furniture","good",0.54257732735471
"87",47,"male",2,"free","moderate","moderate",12612,36,"others","bad",0.373403221514754
"88",30,"male",3,"own","moderate","little",2249,18,"car","good",0.732385558303708
"89",28,"male",2,"own","little","little",1108,12,"others","bad",0.584231687659009
"91",54,"male",2,"own","little","little",1409,12,"car","good",0.732347692816448
"94",54,"male",2,"own","rich","moderate",1318,12,"car","good",0.744430669520437
"95",58,"male",2,"rent","little","moderate",15945,54,"others","bad",0.242147318146237
"97",34,"male",2,"own","moderate","moderate",2622,18,"others","good",0.780169295209014
"98",36,"male",2,"own","little","moderate",2337,36,"radio/TV","good",0.462786350275198
"101",24,"male",2,"rent","little","moderate",2323,36,"radio/TV","good",0.44935961790043
"103",35,"male",2,"rent","little","moderate",1919,9,"furniture","good",0.732365710561446
"105",39,"male",3,"own","little","moderate",11938,24,"others","bad",0.331072350498255
"107",32,"male",2,"own","little","moderate",6078,12,"car","good",0.693781058351354
"109",35,"male",2,"own","rich","moderate",1410,14,"others","good",0.732326638269216
"110",31,"male",2,"own","moderate","moderate",1449,6,"others","good",0.775443110058495
"111",23,"female",2,"rent","little","rich",392,15,"others","good",0.676493415720391
"112",28,"male",1,"rent","little","moderate",6260,18,"car","good",0.660338759557498
"114",35,"male",2,"own","rich","little",1680,12,"radio/TV","good",0.738750817536271
"118",23,"female",2,"own","rich","little",4281,33,"furniture","bad",0.628889166802407
"119",36,"male",3,"own","rich","moderate",2366,12,"car","good",0.735436792175589
"120",25,"female",2,"own","little","little",1835,21,"radio/TV","bad",0.552064122190823
"123",63,"male",2,"free","little","rich",781,10,"car","good",0.732438289357671
"125",30,"male",2,"own","little","little",2121,12,"car","good",0.637935385327983
"126",40,"male",1,"own","little","little",701,12,"radio/TV","good",0.704565058400047
"127",30,"male",2,"own","little","moderate",639,12,"others","bad",0.709397743719857
"128",34,"male",3,"own","little","moderate",1860,12,"car","good",0.652011086422913
"129",29,"female",2,"own","little","little",3499,12,"car","bad",0.416704943546096
"131",29,"male",2,"own","little","little",6887,36,"others","bad",0.242146382444298
"137",66,"male",1,"own","rich","moderate",766,12,"radio/TV","bad",0.63389980083359
"139",44,"female",1,"rent","little","rich",1881,12,"radio/TV","good",0.732442317517925
"140",27,"male",0,"own","rich","rich",709,6,"car","good",0.73242526094434
"141",30,"female",3,"own","little","moderate",4795,36,"radio/TV","good",0.487266553429535
"142",27,"male",3,"own","little","little",3416,27,"radio/TV","good",0.487803625004822
"143",22,"male",2,"own","little","little",2462,18,"furniture","bad",0.692885742782389
"145",30,"male",2,"own","moderate","moderate",3566,48,"others","good",0.634165184121049
"146",39,"female",2,"own","little","little",860,6,"car","good",0.554567384166
"148",28,"male",2,"own","little","little",5371,36,"furniture","good",0.400340727155939
"152",24,"male",2,"own","little","rich",5848,36,"radio/TV","good",0.675358419815356
"153",29,"female",2,"rent","rich","moderate",7758,24,"car","good",0.655310809601926
"154",36,"male",3,"rent","moderate","moderate",6967,24,"others","good",0.565300822203806
"155",20,"female",2,"rent","little","little",1282,12,"furniture","bad",0.497929512375659
"156",48,"male",2,"own","moderate","little",1288,9,"others","good",0.732324827648347
"157",45,"male",1,"own","little","little",339,12,"others","good",0.638352705506689
"158",38,"male",2,"own","moderate","moderate",3512,24,"car","good",0.713817521838284
"163",70,"male",3,"free","little","moderate",7308,10,"car","good",0.624588334475909
"166",33,"female",2,"own","little","little",1131,18,"furniture","bad",0.640712893294873
"167",20,"female",2,"own","rich","moderate",1577,11,"furniture","good",0.732307140485813
"169",31,"male",2,"own","little","moderate",1935,24,"others","bad",0.609243931297089
"170",33,"male",2,"rent","little","little",950,15,"car","bad",0.537137801305945
"172",34,"female",3,"own","little","moderate",2064,24,"furniture","bad",0.513681036787685
"173",33,"male",2,"own","little","moderate",1414,8,"radio/TV","good",0.782152984749842
"174",26,"male",2,"own","little","little",3414,21,"others","bad",0.45603438042841
"176",42,"male",2,"own","little","little",2577,12,"furniture","good",0.72394740109707
"177",52,"male",2,"own","rich","little",338,6,"radio/TV","good",0.732324625737037
"179",65,"male",2,"own","little","little",571,21,"car","good",0.688438306628199
"181",30,"male",3,"own","little","moderate",4455,36,"others","bad",0.400179954432159
"184",36,"male",2,"own","little","moderate",884,18,"car","bad",0.616806262248717
"186",74,"female",3,"free","little","moderate",5129,9,"car","bad",0.486580221746518
"187",68,"male",0,"free","little","moderate",1175,16,"car","good",0.581946376636427
"188",20,"male",2,"own","moderate","little",674,12,"radio/TV","bad",0.479279153972106
"189",33,"female",2,"own","little","moderate",3244,18,"furniture","good",0.57217906056687
"191",34,"male",1,"free","moderate","moderate",3844,48,"others","bad",0.39856694496516
"192",36,"male",2,"own","little","moderate",3915,27,"others","bad",0.568883325081508
"194",21,"male",2,"rent","moderate","moderate",3031,45,"radio/TV","bad",0.257636798680973
"195",34,"female",3,"own","little","moderate",1501,9,"others","bad",0.612254374599228
"197",27,"female",2,"rent","moderate","moderate",951,12,"furniture","bad",0.304596564115574
"199",40,"male",3,"own","little","moderate",4297,18,"furniture","bad",0.628972491747585
"201",27,"male",1,"own","little","little",1168,12,"car","good",0.607424354664645
"203",21,"male",2,"rent","little","little",902,12,"others","bad",0.341979230096601
"205",38,"male",3,"free","little","little",10623,30,"car","good",0.475959232503155
"207",26,"male",2,"own","little","moderate",1424,12,"others","good",0.712751264241932
"208",21,"male",1,"own","little","little",6568,24,"others","good",0.417297377789246
"212",50,"male",2,"own","little","little",5293,27,"others","bad",0.391288283511775
"213",66,"male",3,"own","little","rich",1908,30,"others","bad",0.6185108392767
"216",31,"male",2,"own","little","little",3104,18,"others","good",0.505335841796637
"217",23,"male",2,"own","little","rich",3913,36,"radio/TV","good",0.674494625838588
"218",24,"male",1,"rent","little","little",3021,24,"furniture","good",0.423593544390788
"220",26,"male",1,"own","little","moderate",625,12,"radio/TV","good",0.755075087049003
"226",27,"male",2,"own","rich","moderate",10961,48,"radio/TV","bad",0.401255505781489
"227",53,"male",3,"free","little","little",7865,12,"furniture","bad",0.602260424149921
"229",22,"male",2,"free","little","little",3149,24,"furniture","good",0.570079498625681
"230",26,"male",2,"own","little","rich",4210,36,"radio/TV","bad",0.681708014820805
"233",25,"male",1,"own","little","moderate",866,18,"radio/TV","good",0.704079683390804
"235",30,"male",3,"own","little","little",1823,24,"radio/TV","bad",0.548112716396449
"237",61,"male",1,"rent","moderate","moderate",2767,21,"others","bad",0.478104359671371
"239",39,"male",2,"own","little","little",2522,30,"radio/TV","good",0.443400097263911
"242",24,"male",2,"free","little","little",4605,48,"car","bad",0.242130725591766
"248",26,"male",2,"own","little","rich",1925,24,"furniture","good",0.736155931113549
"250",39,"female",1,"own","rich","little",666,6,"car","good",0.732369592846839
"251",46,"female",1,"own","little","rich",2251,12,"furniture","good",0.742853186747486
"252",24,"female",2,"own","little","moderate",2150,30,"car","bad",0.24223504823391
"257",29,"male",2,"free","little","little",2149,12,"radio/TV","bad",0.487461795421162
"260",27,"male",2,"own","little","little",1657,12,"furniture","good",0.751192354875779
"261",55,"female",2,"own","little","little",1603,24,"radio/TV","good",0.675740018582426
"262",36,"male",3,"free","little","little",5302,18,"car","good",0.657390335304928
"265",37,"male",2,"own","little","moderate",802,15,"radio/TV","bad",0.729538258232649
"268",45,"male",3,"own","little","little",8978,14,"car","bad",0.512697064652957
"273",28,"male",2,"own","little","moderate",3060,48,"radio/TV","bad",0.292140485007056
"274",34,"male",1,"own","little","little",11998,30,"others","bad",0.301451322754813
"284",37,"male",2,"own","moderate","moderate",3878,24,"car","good",0.715067921791492
"285",35,"female",1,"own","little","little",10722,47,"car","good",0.222995718577773
"286",26,"male",2,"own","little","little",4788,48,"car","good",0.196694303815919
"287",31,"male",3,"free","moderate","moderate",7582,48,"others","good",0.476235682697025
"288",49,"female",2,"own","little","moderate",1092,12,"radio/TV","good",0.794372879629223
"289",48,"male",2,"own","little","little",1024,24,"radio/TV","bad",0.57224706785966
"291",28,"male",3,"rent","little","moderate",9398,36,"car","bad",0.403622802018986
"292",44,"female",3,"free","little","little",6419,24,"car","good",0.473075530944448
"293",56,"male",2,"free","little","rich",4796,42,"car","good",0.641450519086188
"295",26,"female",2,"own","little","moderate",9960,48,"furniture","bad",0.242126548094703
"299",32,"male",2,"own","rich","moderate",2745,21,"furniture","good",0.76950090989259
"301",42,"female",2,"own","little","moderate",3804,36,"radio/TV","bad",0.565389340782502
"303",49,"male",2,"own","little","little",1038,10,"car","good",0.732854158021544
"307",33,"male",1,"own","moderate","little",727,12,"radio/TV","bad",0.492271450496161
"308",24,"female",2,"own","little","moderate",1237,8,"furniture","bad",0.604615449370573
"309",22,"male",1,"rent","little","moderate",276,9,"car","good",0.651587913934862
"312",26,"female",2,"own","little","rich",3749,24,"furniture","good",0.732452831281315
"313",25,"male",1,"own","little","moderate",685,12,"car","bad",0.614556851929613
"315",31,"male",2,"own","little","little",2746,36,"furniture","bad",0.436808820405436
"316",38,"male",1,"own","little","little",708,12,"furniture","good",0.732401184782215
"319",27,"female",1,"own","little","little",3643,15,"furniture","good",0.595201169960518
"320",28,"male",3,"own","little","moderate",4249,30,"car","bad",0.460802288744381
"321",32,"male",2,"own","little","little",1938,24,"radio/TV","bad",0.522594856867209
"322",34,"male",3,"free","little","little",2910,24,"car","good",0.609820126196387
"323",28,"male",2,"own","rich","little",2659,18,"furniture","good",0.763115991214263
"325",39,"male",1,"own","little","little",3398,8,"car","good",0.720667313711379
"328",31,"male",2,"own","little","rich",4473,36,"radio/TV","good",0.691106401131756
"329",28,"male",2,"own","little","moderate",1068,6,"radio/TV","good",0.782788305353443
"330",75,"male",3,"free","little","little",6615,24,"car","good",0.647951860446254
"332",24,"female",3,"own","moderate","moderate",7408,60,"car","bad",0.242145613255038
"334",23,"male",2,"rent","little","little",4110,24,"furniture","bad",0.414408079483447
"335",44,"male",3,"rent","little","little",3384,6,"furniture","bad",0.591950979060403
"336",23,"female",1,"own","little","moderate",2101,13,"radio/TV","good",0.717183526466537
"338",28,"male",2,"own","little","little",4169,24,"furniture","good",0.592682818677488
"339",31,"male",1,"own","little","moderate",1521,10,"furniture","good",0.732487699705354
"340",24,"female",2,"free","little","moderate",5743,24,"others","good",0.286293375032345
"341",26,"female",1,"rent","little","little",3599,21,"furniture","good",0.378849610889888
"342",25,"male",2,"rent","rich","moderate",3213,18,"radio/TV","good",0.732306853354175
"343",33,"male",3,"own","little","moderate",4439,18,"others","good",0.592001186270294
"344",37,"male",1,"own","little","rich",3949,10,"car","good",0.775204143003225
"346",23,"male",2,"own","little","moderate",882,13,"radio/TV","good",0.72389976944857
"347",23,"female",0,"rent","rich","moderate",3758,24,"radio/TV","good",0.732390087201292
"349",32,"male",2,"free","rich","moderate",1136,9,"others","bad",0.472768699593897
"351",29,"female",2,"own","little","moderate",959,9,"furniture","bad",0.615364428521605
"353",28,"male",2,"rent","little","little",6199,12,"radio/TV","bad",0.447024682814853
"355",23,"male",1,"own","little","moderate",1246,24,"car","bad",0.494563386974439
"359",23,"female",2,"rent","little","little",2406,30,"furniture","bad",0.331071788480102
"362",36,"female",2,"own","little","rich",2247,12,"car","good",0.732384754237692
"364",25,"male",0,"own","little","little",2473,18,"furniture","bad",0.638898559954537
"367",22,"female",2,"rent","little","little",3650,18,"furniture","good",0.432674670435277
"368",42,"male",2,"own","little","little",3446,36,"furniture","bad",0.409697424644863
"369",40,"female",2,"rent","little","moderate",3001,18,"furniture","good",0.586118530336724
"374",60,"female",3,"free","moderate","moderate",14782,60,"others","bad",0.246502756511007
"375",37,"female",2,"rent","little","little",7685,48,"others","bad",0.16684120262021
"378",57,"male",3,"free","little","moderate",14318,36,"car","bad",0.325609510597013
"381",38,"female",3,"free","little","moderate",12976,18,"car","bad",0.255507536895965
"383",26,"male",2,"own","little","rich",1330,12,"car","good",0.744513330436389
"387",40,"male",3,"own","little","moderate",7374,18,"furniture","good",0.57103006110753
"388",27,"male",2,"own","rich","moderate",2326,15,"others","good",0.741272975898846
"391",19,"female",1,"rent","rich","moderate",983,12,"furniture","good",0.730627418782176
"392",39,"male",3,"free","little","little",3249,36,"car","good",0.510073624643447
"393",31,"female",2,"own","little","little",1957,6,"radio/TV","good",0.72764852849872
"395",32,"male",2,"rent","moderate","moderate",11760,39,"others","good",0.497180827870718
"396",55,"female",3,"free","little","little",2578,12,"furniture","good",0.682271455843587
"397",46,"male",2,"own","little","little",2348,36,"furniture","good",0.424556517385497
"398",46,"male",2,"rent","little","moderate",1223,12,"car","bad",0.719322257126297
"405",22,"male",2,"own","little","moderate",2039,24,"radio/TV","bad",0.609291231723807
"407",27,"male",2,"own","little","little",1053,15,"radio/TV","good",0.640179432005674
"409",28,"male",2,"own","rich","rich",939,12,"car","bad",0.73437624687725
"410",20,"female",2,"own","little","moderate",1967,24,"radio/TV","good",0.622994364554694
"416",33,"male",1,"own","little","little",2579,12,"car","bad",0.650263633744923
"422",47,"male",1,"own","little","moderate",958,12,"car","good",0.723137476863445
"425",21,"male",2,"rent","little","moderate",2779,18,"car","good",0.63082948753085
"429",55,"female",0,"free","little","little",1190,18,"others","bad",0.262992149556568
"431",29,"male",3,"own","little","moderate",11328,24,"others","bad",0.355969910811061
"432",36,"male",3,"free","little","little",1872,6,"furniture","good",0.732298498263779
"434",25,"male",2,"own","little","little",2136,9,"furniture","good",0.772812763430809
"438",65,"male",0,"own","little","little",3394,42,"others","good",0.481987819472246
"439",26,"female",0,"own","little","rich",609,12,"others","bad",0.543639959226982
"441",30,"female",2,"own","little","little",1620,12,"furniture","good",0.685582930113175
"442",29,"male",2,"own","little","moderate",2629,20,"others","good",0.65230173943811
"444",30,"female",3,"own","little","moderate",5096,48,"furniture","bad",0.272607282709064
"446",34,"female",2,"own","little","little",1842,36,"car","bad",0.23993356371208
"447",35,"male",2,"own","little","moderate",2576,7,"radio/TV","good",0.797045673157307
"449",61,"male",2,"own","rich","moderate",1512,15,"others","bad",0.642877644990114
"454",31,"male",2,"own","little","little",4817,24,"car","bad",0.461393629881735
"456",36,"male",2,"rent","little","little",3905,11,"car","good",0.600476845155045
"457",35,"male",2,"free","little","little",3386,12,"car","bad",0.561312114324138
"458",27,"female",2,"own","little","little",343,6,"others","good",0.524250313376211
"460",37,"male",2,"own","little","little",3620,36,"furniture","good",0.413235719755412
"461",36,"male",2,"own","little","little",1721,15,"car","good",0.632331285406548
"462",34,"female",3,"rent","little","moderate",3017,12,"furniture","good",0.610980430892323
"465",63,"male",2,"own","little","little",2924,24,"car","good",0.644104233692112
"466",29,"female",1,"rent","little","little",1659,24,"radio/TV","bad",0.285838334936419
"470",22,"male",2,"rent","moderate","moderate",3092,24,"radio/TV","bad",0.352166398648692
"471",23,"female",2,"own","little","little",448,6,"others","bad",0.506024877514977
"472",28,"male",1,"own","little","little",654,9,"car","bad",0.640695412621759
"474",33,"male",2,"own","little","moderate",1245,18,"radio/TV","bad",0.699970449816852
"475",26,"female",2,"rent","little","little",3114,18,"furniture","bad",0.456848293446628
"477",25,"male",2,"own","little","rich",5152,24,"radio/TV","good",0.738209576226748
"478",39,"male",1,"own","moderate","moderate",1037,12,"others","good",0.759376753604087
"479",44,"male",2,"own","little","little",1478,15,"furniture","good",0.698667731706985
"480",23,"female",1,"own","little","moderate",3573,12,"radio/TV","good",0.732433925925185
"481",26,"male",2,"own","little","moderate",1201,24,"car","good",0.51043384569875
"482",57,"female",2,"rent","rich","little",3622,30,"furniture","good",0.726642685344149
"485",47,"male",3,"own","little","moderate",1209,6,"car","bad",0.704859344097618
"491",42,"female",3,"free","little","moderate",8318,27,"others","bad",0.259344860141307
"494",39,"male",1,"rent","little","little",2122,12,"car","good",0.59944758958302
"496",29,"male",3,"rent","moderate","moderate",9034,36,"furniture","bad",0.356452529854956
"498",32,"male",1,"own","little","moderate",1301,18,"radio/TV","good",0.727825114763334
"499",28,"male",2,"own","moderate","rich",1323,6,"car","good",0.765164500215481
"500",27,"female",2,"own","little","little",3123,24,"car","bad",0.284343669429941
"501",42,"male",2,"free","little","little",5493,36,"car","good",0.337195827193627
"502",49,"male",2,"own","moderate","rich",1126,9,"radio/TV","good",0.721306142234466
"503",38,"male",2,"own","moderate","moderate",1216,24,"radio/TV","bad",0.478512257048702
"504",24,"female",2,"rent","little","little",1207,24,"car","bad",0.242065418532737
"506",36,"male",2,"own","rich","rich",2360,15,"car","good",0.755532744221295
"507",34,"male",3,"own","moderate","moderate",6850,15,"car","bad",0.682517482893069
"510",26,"male",2,"own","little","little",759,12,"car","bad",0.611916016639357
"512",26,"male",2,"rent","little","rich",2687,15,"others","good",0.721161338968441
"513",20,"male",2,"rent","little","moderate",585,12,"radio/TV","good",0.678786710458331
"515",37,"female",2,"own","little","little",609,6,"car","good",0.536044571197797
"516",40,"male",1,"own","little","little",1361,6,"car","good",0.734639488676656
"518",43,"male",2,"own","moderate","little",1203,6,"car","good",0.773192564770063
"521",24,"female",2,"own","little","little",3190,18,"radio/TV","bad",0.579570526479969
"522",53,"male",2,"free","little","little",7119,48,"furniture","bad",0.303357489063868
"524",26,"female",1,"own","little","moderate",1113,18,"radio/TV","good",0.685890456919707
"525",30,"male",2,"own","little","moderate",7966,26,"car","good",0.50768469817548
"528",31,"male",2,"rent","little","little",2302,36,"radio/TV","bad",0.241981489160284
"529",41,"male",1,"own","little","little",662,6,"car","good",0.732330829163008
"530",32,"male",2,"own","little","moderate",2273,36,"others","good",0.464445274897869
"531",28,"female",2,"rent","moderate","moderate",2631,15,"car","bad",0.242140491163846
"535",33,"male",2,"rent","little","rich",2319,21,"others","bad",0.703011875971149
"537",37,"female",2,"own","little","moderate",3612,18,"furniture","good",0.586803316733588
"538",42,"male",3,"free","little","little",7763,48,"car","bad",0.375621328178082
"539",45,"female",1,"own","little","rich",3049,18,"furniture","good",0.73237443798346
"540",23,"male",2,"rent","little","moderate",1534,12,"radio/TV","bad",0.692990765800688
"543",34,"male",1,"own","little","rich",2864,18,"furniture","bad",0.72689362174234
"545",43,"male",2,"free","little","little",1333,24,"car","bad",0.456240176233304
"548",24,"female",1,"own","little","little",626,12,"radio/TV","bad",0.572455193025158
"552",34,"male",2,"own","little","little",6999,48,"radio/TV","bad",0.187725771398981
"553",27,"male",2,"own","moderate","moderate",1995,12,"car","good",0.704304537706839
"554",67,"female",3,"own","little","moderate",1199,9,"others","good",0.690410115927861
"555",22,"male",2,"own","little","moderate",1331,12,"radio/TV","bad",0.734186320611915
"556",28,"female",2,"own","moderate","moderate",2278,18,"car","bad",0.290620760867448
"558",27,"male",2,"own","little","little",3552,24,"furniture","bad",0.603715111091513
"559",31,"male",1,"own","little","moderate",1928,18,"furniture","bad",0.674114523635317
"561",24,"male",1,"rent","little","little",1546,24,"radio/TV","bad",0.299179883836216
"562",29,"female",2,"own","little","rich",683,6,"radio/TV","good",0.745037562472021
"565",23,"female",2,"rent","moderate","moderate",1553,24,"radio/TV","good",0.300957585849442
"566",36,"male",2,"own","little","little",1372,12,"car","bad",0.665075654020057
"569",31,"female",2,"own","little","little",6758,48,"radio/TV","bad",0.248295841677925
"570",23,"female",1,"rent","little","little",3234,24,"furniture","bad",0.339192018293677
"573",22,"female",1,"own","little","little",806,15,"others","good",0.401428698060569
"574",27,"male",1,"own","little","moderate",1082,9,"radio/TV","good",0.782816841637929
"576",27,"female",2,"own","little","moderate",2930,12,"radio/TV","good",0.752078035683835
"578",27,"male",2,"own","little","moderate",2820,36,"car","bad",0.387879155687789
"580",30,"male",2,"own","little","moderate",1056,18,"car","bad",0.592957892146749
"581",49,"male",1,"own","little","moderate",3124,12,"car","good",0.759954463171447
"583",33,"male",1,"rent","little","moderate",2384,36,"others","bad",0.345149353252428
"585",20,"female",2,"rent","little","little",2039,18,"furniture","bad",0.436173983811601
"586",36,"male",2,"rent","little","little",2799,9,"car","good",0.62130802250003
"587",21,"male",1,"own","little","little",1289,12,"furniture","good",0.732331337284281
"588",47,"male",1,"own","little","little",1217,18,"others","bad",0.583951120597456
"589",60,"male",2,"own","little","little",2246,12,"furniture","bad",0.667751684505411
"590",58,"female",1,"own","little","little",385,12,"radio/TV","good",0.732290583567474
"593",20,"female",1,"rent","little","moderate",2718,24,"car","bad",0.242195663295641
"595",32,"female",1,"own","moderate","moderate",931,6,"car","bad",0.294172434466996
"596",23,"female",2,"rent","little","little",1442,24,"car","bad",0.237914011728323
"597",36,"male",1,"own","little","moderate",4241,24,"others","bad",0.665336971608035
"600",45,"female",2,"own","little","moderate",2329,7,"radio/TV","good",0.814461947893972
"601",30,"female",2,"own","little","moderate",918,9,"furniture","bad",0.618838848070596
"602",34,"female",1,"free","little","moderate",1837,24,"others","bad",0.254866988810282
"604",23,"female",2,"own","little","rich",1275,10,"furniture","good",0.748023900899376
"605",22,"male",2,"own","rich","little",2828,24,"furniture","good",0.732477500144266
"607",50,"female",2,"free","moderate","moderate",2671,36,"radio/TV","bad",0.28748148156522
"610",22,"female",2,"own","moderate","little",741,12,"others","bad",0.444733532013223
"611",48,"female",1,"free","moderate","rich",1240,10,"car","bad",0.468206096596145
"612",29,"female",2,"own","rich","little",3357,21,"radio/TV","good",0.732339501081424
"613",22,"female",2,"rent","little","little",3632,24,"car","good",0.233650153380096
"617",37,"male",2,"rent","little","little",3676,6,"car","good",0.651815271020547
"618",21,"female",2,"rent","moderate","moderate",3441,30,"furniture","bad",0.24209184774122
"620",27,"male",2,"own","little","moderate",3652,21,"others","good",0.63783162282445
"623",22,"female",2,"rent","little","little",1858,12,"furniture","good",0.505161016523849
"624",65,"male",2,"free","little","little",2600,18,"radio/TV","bad",0.494648636530902
"626",41,"male",2,"own","little","rich",2116,6,"furniture","good",0.776722261938565
"627",29,"male",2,"own","moderate","moderate",1437,9,"car","bad",0.703309172917898
"630",28,"female",2,"own","little","little",3660,24,"radio/TV","good",0.522480204542208
"631",44,"male",2,"own","little","little",1553,18,"furniture","bad",0.667356561755141
"634",25,"female",1,"own","little","moderate",1355,24,"car","bad",0.250847865353149
"639",26,"male",2,"own","little","little",4370,42,"radio/TV","bad",0.242095397052393
"640",27,"female",0,"own","little","little",750,18,"others","bad",0.389316547282701
"641",38,"male",1,"own","little","moderate",1308,15,"others","good",0.732396986037201
"644",32,"male",3,"own","little","little",1880,18,"radio/TV","good",0.623050500138851
"646",32,"male",2,"own","little","little",4583,30,"furniture","good",0.489974843832982
"648",38,"male",2,"free","little","rich",947,24,"car","bad",0.657643671232141
"649",40,"male",1,"rent","little","little",684,12,"others","bad",0.366987775287286
"650",50,"male",3,"free","little","little",7476,48,"others","good",0.325154441086409
"651",37,"male",1,"own","little","moderate",1922,12,"furniture","bad",0.722588066567595
"652",45,"male",2,"own","little","little",2303,24,"car","bad",0.562377177779582
"653",42,"male",3,"own","moderate","moderate",8086,36,"car","bad",0.556195898969201
"655",22,"male",2,"free","little","little",3973,14,"car","good",0.519458205807076
"656",41,"male",1,"own","little","moderate",888,12,"car","bad",0.698979800774155
"658",28,"female",2,"own","little","moderate",4221,30,"others","good",0.473882743326325
"659",41,"male",2,"own","little","moderate",6361,18,"furniture","good",0.638190306879584
"660",23,"male",2,"rent","little","rich",1297,12,"radio/TV","good",0.732322805661127
"663",35,"male",3,"own","little","moderate",1050,6,"furniture","good",0.729751074309734
"664",50,"female",1,"own","little","rich",1047,6,"others","good",0.732373660823148
"666",34,"male",2,"own","rich","moderate",3496,30,"furniture","good",0.726418067121642
"668",43,"male",2,"rent","little","little",4843,12,"car","bad",0.611982935461907
"669",47,"male",2,"own","little","rich",3017,30,"radio/TV","good",0.732489886050632
"677",24,"male",2,"own","moderate","moderate",5595,72,"radio/TV","bad",0.242149607759823
"678",64,"male",1,"rent","little","little",2384,24,"radio/TV","good",0.524998401919992
"684",31,"male",1,"own","moderate","moderate",9857,36,"others","good",0.696535338726008
"687",30,"male",2,"free","moderate","moderate",2862,36,"car","good",0.546391735637046
"689",31,"male",2,"own","rich","little",3651,12,"car","good",0.767833668865259
"690",25,"male",2,"own","little","little",975,15,"furniture","good",0.725876007719613
"691",25,"female",1,"own","moderate","moderate",2631,15,"others","good",0.532548266233166
"692",29,"male",2,"own","moderate","moderate",2896,24,"radio/TV","good",0.479453148835514
"696",29,"male",2,"own","little","moderate",1103,12,"radio/TV","good",0.746739159958288
"699",40,"male",3,"rent","little","rich",1905,15,"others","good",0.730689363258823
"701",46,"male",2,"free","little","little",6331,48,"car","bad",0.255528117084662
"702",47,"female",2,"free","moderate","rich",1377,24,"radio/TV","good",0.58586243475675
"703",41,"male",2,"own","moderate","moderate",2503,30,"others","good",0.732361236083669
"704",32,"female",2,"own","little","moderate",2528,27,"others","good",0.521269631243251
"706",24,"male",2,"own","moderate","moderate",6560,48,"car","bad",0.518819296896067
"707",25,"female",2,"rent","little","moderate",2969,12,"furniture","bad",0.558278064168318
"708",25,"female",2,"own","little","moderate",1206,9,"radio/TV","good",0.750163573115415
"709",37,"male",1,"own","little","moderate",2118,9,"radio/TV","good",0.809666696277299
"711",35,"female",2,"free","little","little",1198,6,"others","bad",0.345706617551911
"713",25,"male",1,"own","little","little",1138,9,"radio/TV","good",0.696090301194767
"714",27,"male",3,"own","little","moderate",14027,60,"car","bad",0.217490961290044
"719",31,"male",2,"own","moderate","moderate",6148,20,"car","good",0.726790564533887
"720",34,"male",3,"own","little","rich",1337,9,"radio/TV","bad",0.74696106103039
"721",24,"female",2,"rent","rich","moderate",433,6,"others","bad",0.582595043265451
"722",24,"female",1,"own","little","little",1228,12,"car","bad",0.308068307487706
"723",66,"female",1,"own","rich","moderate",790,9,"radio/TV","good",0.73238557039606
"727",25,"female",2,"rent","little","little",1882,18,"radio/TV","bad",0.37705647019355
"728",59,"female",2,"rent","little","moderate",6416,48,"others","bad",0.301829593525757
"729",36,"male",2,"own","rich","rich",1275,24,"others","good",0.732437486255623
"730",33,"male",2,"own","little","moderate",6403,24,"radio/TV","good",0.604246927422722
"731",21,"male",1,"rent","little","little",1987,24,"radio/TV","bad",0.290718610790709
"732",44,"female",1,"own","little","moderate",760,8,"radio/TV","good",0.795026504547287
"736",23,"female",3,"rent","little","moderate",11560,24,"car","bad",0.277893444811027
"737",35,"male",1,"own","moderate","little",4380,18,"car","good",0.732372742181397
"739",26,"female",1,"rent","moderate","moderate",4280,30,"others","bad",0.332978983327406
"740",32,"male",2,"own","moderate","little",2325,24,"car","good",0.7165562622609
"741",23,"male",1,"own","little","moderate",1048,10,"radio/TV","good",0.7655648294835
"743",22,"male",2,"own","rich","little",2483,24,"furniture","good",0.733567149043859
"745",28,"male",1,"own","little","little",1797,13,"others","good",0.594078062467876
"746",23,"female",2,"rent","little","little",2511,15,"car","good",0.30312646767834
"747",37,"female",1,"own","little","little",1274,12,"car","bad",0.409607312117683
"750",49,"female",2,"own","little","little",428,6,"furniture","good",0.761904297729268
"751",23,"female",1,"own","little","little",976,18,"car","bad",0.252316962062002
"752",23,"female",1,"rent","moderate","moderate",841,12,"others","good",0.362026237699721
"756",74,"male",0,"own","little","rich",1299,6,"car","good",0.732339636474506
"759",35,"male",2,"own","little","little",691,12,"car","bad",0.656625460209377
"761",24,"female",2,"rent","little","little",2124,18,"furniture","bad",0.454518915425342
"762",24,"male",1,"own","little","little",2214,12,"radio/TV","good",0.664510588889927
"765",40,"male",1,"own","little","moderate",1155,12,"radio/TV","good",0.786647172509904
"766",31,"male",1,"own","little","little",3108,30,"furniture","bad",0.510891461168598
"768",28,"male",2,"rent","little","moderate",3617,12,"furniture","good",0.710999939872769
"771",25,"female",3,"own","little","little",8065,36,"others","bad",0.248854081681871
"774",66,"male",0,"free","rich","rich",1480,12,"car","good",0.704742944066612
"777",25,"female",2,"own","little","little",3509,18,"radio/TV","good",0.583357916076922
"779",67,"female",2,"own","little","moderate",3872,18,"others","good",0.699550532298029
"780",25,"male",2,"own","little","moderate",4933,39,"radio/TV","bad",0.381473785834328
"782",31,"male",1,"own","little","moderate",1410,12,"others","good",0.744709593327731
"783",23,"female",1,"own","moderate","moderate",836,12,"car","bad",0.253508702476981
"785",35,"male",1,"own","rich","moderate",1941,18,"others","good",0.732573826256267
"788",50,"male",2,"free","little","moderate",6224,48,"others","bad",0.232680022697066
"789",27,"male",2,"own","little","little",5998,40,"others","bad",0.221150980153146
"790",39,"female",2,"own","little","moderate",1188,21,"others","bad",0.59683862585527
"793",51,"male",2,"free","little","rich",2892,24,"furniture","good",0.72458622796716
"801",48,"female",1,"rent","little","moderate",1795,18,"radio/TV","good",0.671620457569109
"802",24,"female",2,"own","little","little",4272,20,"furniture","good",0.569941564881231
"805",24,"male",2,"own","little","little",9271,36,"car","bad",0.24479948455501
"806",26,"male",1,"own","little","moderate",590,6,"radio/TV","good",0.789762027223243
"808",55,"male",3,"free","little","moderate",9283,42,"car","good",0.377899007260715
"809",26,"female",0,"rent","little","moderate",1778,15,"car","bad",0.312689401843686
"810",26,"male",2,"own","little","moderate",907,8,"others","good",0.732357234487048
"811",28,"male",1,"own","little","moderate",484,6,"radio/TV","good",0.792884734428297
"812",24,"male",2,"own","little","little",9629,36,"car","bad",0.242182612951417
"813",54,"male",2,"own","little","little",3051,48,"others","bad",0.256220503148208
"814",46,"male",2,"free","little","little",3931,48,"car","bad",0.260719068136707
"815",54,"female",2,"rent","little","moderate",7432,36,"car","good",0.38925577484027
"818",43,"male",3,"own","little","little",15857,36,"others","good",0.229796147145233
"819",26,"male",2,"own","little","little",1345,18,"radio/TV","bad",0.598270782102285
"821",24,"male",2,"own","little","rich",3016,12,"radio/TV","good",0.762136582073043
"822",41,"male",2,"own","little","little",2712,36,"furniture","bad",0.422941842498428
"823",47,"male",1,"own","little","little",731,8,"car","good",0.740680087278434
"825",30,"male",2,"own","little","little",1602,21,"car","good",0.522329381310168
"826",33,"female",2,"rent","little","little",3966,18,"car","bad",0.336596338195478
"831",23,"female",2,"rent","little","little",1216,18,"car","bad",0.279344312477031
"832",29,"male",2,"rent","little","little",11816,45,"others","bad",0.17240114014265
"834",25,"female",1,"own","little","rich",2327,15,"radio/TV","bad",0.663385620269202
"835",48,"male",2,"own","little","little",1082,12,"car","bad",0.713857913907667
"838",63,"male",2,"own","little","little",2957,24,"car","good",0.643741291859935
"840",29,"male",2,"own","little","little",5179,36,"furniture","bad",0.401423870156546
"848",59,"male",2,"own","little","little",1364,9,"radio/TV","good",0.73246827644779
"849",57,"male",1,"own","little","little",709,12,"radio/TV","bad",0.723477560879475
"850",33,"male",2,"rent","little","little",2235,20,"car","bad",0.483966157061753
"853",32,"male",1,"free","little","little",1442,18,"car","bad",0.364008800731221
"858",29,"female",2,"own","little","little",3959,15,"car","bad",0.384670442839105
"862",35,"female",2,"own","little","little",2439,24,"radio/TV","bad",0.569582614320455
"866",27,"female",2,"own","little","little",2389,18,"radio/TV","good",0.598147837450731
"869",24,"female",2,"rent","little","little",652,12,"furniture","good",0.520711844012344
"871",46,"male",2,"own","little","rich",1343,6,"car","good",0.792925786270518
"872",26,"male",2,"own","moderate","little",1382,24,"others","good",0.677811091785914
"874",29,"male",1,"own","little","little",3590,12,"furniture","good",0.732203408692992
"875",40,"female",2,"own","rich","moderate",1322,11,"car","good",0.732372809202624
"876",36,"male",3,"free","little","little",1940,18,"radio/TV","good",0.57664433350226
"878",27,"male",3,"free","little","little",1422,9,"car","bad",0.671990909874927
"884",43,"male",2,"own","little","moderate",4057,24,"furniture","bad",0.594788204894189
"885",53,"female",2,"own","little","little",795,12,"others","bad",0.620800131067081
"887",23,"male",2,"own","little","moderate",15672,48,"others","bad",0.242184793469274
"890",43,"male",3,"own","little","little",2442,27,"others","good",0.426259016577296
"892",38,"male",1,"own","little","little",2171,12,"car","good",0.675148792866835
"893",34,"male",2,"own","little","moderate",5800,36,"car","good",0.414476346922844
"896",28,"female",3,"rent","little","little",2606,21,"radio/TV","good",0.470935786130762
"899",42,"male",2,"own","little","little",4153,18,"furniture","bad",0.639983708372749
"900",43,"male",2,"rent","little","little",2625,16,"car","bad",0.578998684190648
"905",20,"male",3,"rent","little","little",1107,12,"radio/TV","good",0.523887419203811
"911",25,"female",1,"own","little","moderate",4736,24,"furniture","bad",0.475568207001127
"914",31,"male",2,"rent","little","little",3161,24,"others","bad",0.242240081846217
"915",32,"female",3,"own","little","moderate",18424,48,"others","bad",0.242163841352807
"917",68,"male",3,"own","little","little",14896,6,"car","bad",0.384467627066491
"918",33,"male",2,"own","moderate","little",2359,24,"furniture","bad",0.58322718011367
"919",39,"male",3,"rent","little","little",3345,24,"furniture","bad",0.445403690261455
"922",22,"female",2,"rent","little","little",1366,9,"radio/TV","bad",0.440325371643237
"923",30,"male",2,"rent","little","moderate",2002,12,"car","good",0.69920090271855
"924",55,"male",2,"own","little","little",6872,24,"furniture","bad",0.466191183755117
"925",46,"male",2,"own","little","little",697,12,"car","bad",0.704984131769997
"926",21,"female",2,"rent","little","little",1049,18,"furniture","good",0.447041095033011
"927",39,"male",2,"free","little","little",10297,48,"car","bad",0.242134969728079
"929",43,"male",1,"own","little","little",1344,12,"car","good",0.695204012193616
"930",24,"male",1,"own","little","little",1747,24,"furniture","good",0.605826128591385
"931",22,"female",2,"own","little","moderate",1670,9,"radio/TV","bad",0.742597947256197
"934",23,"female",2,"own","little","little",1498,12,"radio/TV","good",0.638548083119843
"935",30,"male",3,"own","moderate","moderate",1919,30,"radio/TV","bad",0.413964640918521
"936",28,"female",1,"own","little","rich",745,9,"radio/TV","bad",0.668381937146864
"937",30,"male",3,"rent","little","moderate",2063,6,"radio/TV","good",0.732358896961655
"938",42,"male",2,"free","little","moderate",6288,60,"others","bad",0.215892108164763
"944",46,"female",2,"rent","little","little",1845,15,"furniture","good",0.609616276472565
"945",30,"female",2,"own","rich","moderate",8358,48,"car","good",0.57942564239952
"946",30,"male",2,"free","rich","little",3349,24,"furniture","bad",0.544161502890386
"950",40,"male",0,"own","little","moderate",3590,18,"others","good",0.732472530783524
"951",24,"male",2,"own","little","little",2145,36,"others","bad",0.293000921120899
"952",28,"female",2,"rent","rich","moderate",4113,24,"car","bad",0.657022824172542
"954",29,"female",2,"own","little","little",1893,12,"car","good",0.415600235864887
"955",57,"female",3,"rent","rich","little",1231,24,"radio/TV","good",0.732376135030336
"957",37,"male",1,"own","little","moderate",1154,9,"radio/TV","good",0.800972276372966
"958",45,"male",1,"own","little","little",4006,28,"car","bad",0.500076845274323
"959",30,"male",2,"free","moderate","moderate",3069,24,"furniture","good",0.576840474467106
"961",47,"male",2,"own","little","moderate",2353,21,"car","good",0.652318508360919
"964",22,"male",1,"own","little","moderate",454,6,"others","good",0.74322090000053
"966",23,"male",1,"own","rich","moderate",2520,27,"radio/TV","bad",0.65415688848611
"969",40,"male",1,"own","little","little",3939,11,"car","good",0.694487864512097
"970",22,"male",2,"own","moderate","moderate",1514,15,"others","good",0.761952542676342
"972",29,"female",0,"rent","little","little",1193,24,"car","bad",0.232856306232592
"973",36,"male",2,"rent","little","little",7297,60,"others","bad",0.143097362756738
"975",57,"female",1,"own","rich","rich",1258,24,"radio/TV","good",0.732321007706631
"976",64,"female",2,"own","little","moderate",753,6,"radio/TV","good",0.803298874840876
"979",25,"male",2,"rent","moderate","moderate",1264,15,"car","bad",0.512398027906092
"980",49,"male",2,"own","little","moderate",8386,30,"furniture","bad",0.439142829223993
"982",28,"female",3,"own","moderate","rich",2923,21,"car","good",0.672287154096611
"983",26,"male",2,"own","little","little",8229,36,"car","bad",0.255155583663896
"985",25,"female",2,"rent","little","little",1433,15,"furniture","good",0.494314788384274
"986",33,"male",2,"own","little","rich",6289,42,"others","good",0.637381066059082
"988",29,"male",3,"free","little","little",6579,24,"car","good",0.587592124172603
"989",48,"male",1,"own","little","moderate",1743,24,"radio/TV","good",0.697022820579842
"993",30,"male",3,"own","little","little",3959,36,"furniture","good",0.450521846104531
"996",40,"male",3,"own","little","little",3857,30,"car","good",0.470697772708928
"998",23,"male",2,"free","little","little",1845,45,"radio/TV","bad",0.242124437978865
"999",27,"male",2,"own","moderate","moderate",4576,45,"car","good",0.554697433960504
